Date,Close,SMA_20,Upper_Band,Lower_Band,Signal
2023-07-05 00:00:00-04:00,1829.7454833984373,1845.2860107421875,1882.8255471010204,1807.7464743833546,Mantener
2023-07-06 00:00:00-04:00,1823.752197265625,1844.7294677734376,1883.2359774622096,1806.2229580846656,Mantener
2023-07-07 00:00:00-04:00,1849.438720703125,1844.3013610839844,1882.3745605843392,1806.2281615836296,Mantener
2023-07-10 00:00:00-04:00,1846.8701171875,1843.702001953125,1881.183194428241,1806.2208094780092,Mantener
2023-07-11 00:00:00-04:00,1895.6748046875,1847.126904296875,1890.3313836170828,1803.9224249766671,Vender
2023-07-12 00:00:00-04:00,1914.5115966796875,1851.108331298828,1903.3027616348384,1798.9139009628177,Vender
2023-07-13 00:00:00-04:00,1914.5115966796875,1854.6616516113281,1913.8650597264002,1795.458243496256,Vender
2023-07-14 00:00:00-04:00,1855.43212890625,1853.248876953125,1910.8630652797915,1795.6346886264587,Mantener
2023-07-17 00:00:00-04:00,1854.5760498046875,1851.7932983398437,1907.612545746654,1795.9740509330334,Mantener
2023-07-18 00:00:00-04:00,1871.7003173828125,1854.0194763183595,1909.2533194560401,1798.7856331806788,Mantener
2023-07-19 00:00:00-04:00,1867.4193115234373,1853.8482299804687,1908.8833178199084,1798.813142141029,Mantener
2023-07-20 00:00:00-04:00,1867.4193115234373,1855.2609924316407,1910.1594072661678,1800.3625775971136,Mantener
2023-07-21 00:00:00-04:00,1876.837890625,1857.4871765136718,1912.0777300103737,1802.89662301697,Mantener
2023-07-24 00:00:00-04:00,1899.9556884765625,1858.9427490234375,1916.504432377755,1801.38106566912,Mantener
2023-07-25 00:00:00-04:00,1920.5050048828125,1863.3522888183593,1925.6425287957445,1801.062048840974,Mantener
2023-07-26 00:00:00-04:00,1904.2369384765625,1866.5203125,1930.4215783082004,1802.6190466917997,Mantener
2023-07-27 00:00:00-04:00,1882.8314208984373,1868.4896240234375,1931.8217363695994,1805.1575116772756,Mantener
2023-07-28 00:00:00-04:00,1888.8250732421875,1871.315167236328,1932.8691471586171,1809.761187314039,Mantener
2023-07-31 00:00:00-04:00,1888.8250732421875,1874.1407104492187,1933.2981049420453,1814.983315956392,Mantener
2023-08-01 00:00:00-04:00,1960.7474365234373,1880.6908081054687,1947.646882497378,1813.7347337135593,Vender
2023-08-02 00:00:00-04:00,1935.994140625,1886.003240966797,1952.7997018492804,1819.2067800843136,Mantener
2023-08-03 00:00:00-04:00,1994.996337890625,1894.565447998047,1970.9735890437175,1818.1573069523763,Vender
2023-08-04 00:00:00-04:00,1994.996337890625,1901.843328857422,1987.3413254088484,1816.3453323059955,Vender
2023-08-07 00:00:00-04:00,1994.996337890625,1909.2496398925782,2000.1867731169934,1818.312506668163,Mantener
2023-08-08 00:00:00-04:00,2024.9642333984373,1915.714111328125,2019.9912962235735,1811.4369264326765,Vender
2023-08-09 00:00:00-04:00,1955.610107421875,1917.7690368652343,2023.5553295896048,1811.9827441408638,Mantener
2023-08-10 00:00:00-04:00,1943.623046875,1919.224609375,2025.6215412660024,1812.8276774839976,Mantener
2023-08-11 00:00:00-04:00,1969.3096923828125,1924.9184875488281,2029.1066662928824,1820.7303088047738,Mantener
2023-08-14 00:00:00-04:00,1947.904296875,1929.5848999023438,2028.7465113200528,1830.4232884846347,Mantener
2023-08-15 00:00:00-04:00,1939.342041015625,1932.9669860839845,2028.3583421642893,1837.5756300036796,Mantener
2023-08-16 00:00:00-04:00,1975.30322265625,1938.361181640625,2030.284019697712,1846.4383435835382,Mantener
2023-08-17 00:00:00-04:00,1966.740966796875,1943.3272644042968,2029.6754121645283,1856.9791166440652,Mantener
2023-08-18 00:00:00-04:00,1994.996337890625,1949.2351867675782,2032.5441208295442,1865.9262527056121,Mantener
2023-08-21 00:00:00-04:00,1994.996337890625,1953.9872192382813,2036.2970007089514,1871.6774377676113,Mantener
2023-08-22 00:00:00-04:00,1989.8590087890625,1957.4549194335937,2039.669021581389,1875.2408172857984,Mantener
2023-08-23 00:00:00-04:00,1977.8721923828125,1961.1366821289062,2039.8361201239527,1882.4372441338596,Mantener
2023-08-24 00:00:00-04:00,1972.7347412109373,1965.6318481445312,2035.2447295998525,1896.01896668921,Mantener
2023-08-25 00:00:00-04:00,1977.8721923828125,1970.0842041015626,2029.683486844059,1910.4849213590662,Mantener
2023-08-28 00:00:00-04:00,2007.8397216796875,1976.0349365234374,2024.1281843779554,1927.9416886689194,Mantener
2023-08-29 00:00:00-04:00,2046.36962890625,1980.3160461425782,2037.1320291210445,1923.500063164112,Vender
2023-08-30 00:00:00-04:00,2089.1806640625,1987.9753723144531,2059.126854610797,1916.823890018109,Vender
2023-08-31 00:00:00-04:00,2018.114501953125,1989.131280517578,2061.5036865834363,1916.75887445172,Mantener
2023-09-01 00:00:00-04:00,2042.088623046875,1991.4858947753905,2067.6278419565824,1915.3439475941984,Mantener
2023-09-04 00:00:00-04:00,2029.2451171875,1993.1983337402344,2071.1907332278456,1915.2059342526231,Mantener
2023-09-05 00:00:00-04:00,2068.631591796875,1995.3817016601563,2079.3354864720986,1911.4279168482142,Mantener
2023-09-06 00:00:00-04:00,2072.91259765625,2001.246826171875,2089.7672928390525,1912.7263595046977,Mantener
2023-09-07 00:00:00-04:00,2042.088623046875,2006.1701049804688,2092.111548677064,1920.2286612838732,Mantener
2023-09-08 00:00:00-04:00,2079.762451171875,2011.6927429199218,2101.757431475593,1921.6280543642508,Mantener
2023-09-11 00:00:00-04:00,2051.5068359375,2016.872869873047,2103.3353356461935,1930.4104040999005,Mantener
2023-09-12 00:00:00-04:00,2100.311767578125,2024.9213562011719,2110.963338639868,1938.8793737624756,Mantener
2023-09-13 00:00:00-04:00,2062.637939453125,2029.2880920410157,2113.5739738109337,1945.0022102710977,Mantener
2023-09-14 00:00:00-04:00,2102.88037109375,2036.0950622558594,2121.098474759475,1951.091649752244,Mantener
2023-09-15 00:00:00-04:00,2064.350341796875,2039.562762451172,2123.153573374741,1955.9719515276029,Mantener
2023-09-18 00:00:00-04:00,2090.89306640625,2044.357598876953,2128.1858533972195,1960.5293443566864,Mantener
2023-09-19 00:00:00-04:00,2131.1357421875,2051.421435546875,2139.609609095159,1963.2332619985905,Mantener
2023-09-20 00:00:00-04:00,2151.68505859375,2060.1120788574217,2151.963490437467,1968.2606672773763,Mantener
2023-09-21 00:00:00-04:00,2113.155029296875,2067.133093261719,2152.06910779867,1982.1970787247676,Mantener
2023-09-22 00:00:00-04:00,2023.9700927734373,2069.43798828125,2146.2924461530743,1992.5835304094257,Mantener
2023-09-25 00:00:00-04:00,2053.50439453125,2071.721221923828,2143.410105880912,2000.0323379667445,Mantener
2023-09-26 00:00:00-04:00,2003.990966796875,2069.6022888183593,2146.744049009011,1992.4605286277076,Mantener
2023-09-27 00:00:00-04:00,2041.3431396484373,2067.210412597656,2144.7616022559596,1989.6592229393527,Mantener
2023-09-28 00:00:00-04:00,2026.575927734375,2067.6334838867188,2144.1422538890242,1991.1247138844133,Mantener
2023-09-29 00:00:00-04:00,2054.373046875,2068.247705078125,2144.087307821765,1992.4081023344847,Mantener
2023-10-02 00:00:00-04:00,2017.0206298828125,2067.6364807128907,2144.9817147740646,1990.2912466517166,Mantener
2023-10-03 00:00:00-04:00,2063.059326171875,2067.3578674316404,2144.7281492856573,1989.9875855776236,Mantener
2023-10-04 00:00:00-04:00,2008.3341064453125,2064.128942871094,2145.794103514781,1982.4637822274067,Mantener
2023-10-05 00:00:00-04:00,2016.1522216796875,2062.8321228027344,2146.7632323122116,1978.901013293257,Mantener
2023-10-06 00:00:00-04:00,2049.160888671875,2061.3020446777346,2145.0491474074324,1977.5549419480367,Mantener
2023-10-09 00:00:00-04:00,2154.2685546875,2066.4401306152345,2159.72330910818,1973.156952122289,Mantener
2023-10-10 00:00:00-04:00,2156.87451171875,2069.2682678222654,2170.007056040102,1968.529479604429,Mantener
2023-10-11 00:00:00-04:00,2177.72216796875,2075.0224792480467,2186.71803314829,1963.3269253478031,Mantener
2023-10-12 00:00:00-04:00,2206.387939453125,2080.197857666016,2206.0261791174134,1954.3695362146182,Vender
2023-10-13 00:00:00-04:00,2245.477294921875,2089.2542053222655,2234.8068297282903,1943.7015809162408,Vender
2023-10-16 00:00:00-04:00,2245.477294921875,2096.9834167480467,2258.450111643794,1935.5167218522993,Mantener
2023-10-17 00:00:00-04:00,2263.719482421875,2103.6126037597655,2281.077325987137,1926.147881532394,Mantener
2023-10-18 00:00:00-04:00,2297.596923828125,2110.9081970214843,2307.6445411153213,1914.1718529276473,Mantener
2023-10-19 00:00:00-04:00,2275.01171875,2119.0010314941405,2328.9958616849326,1909.0062013033487,Mantener
2023-10-20 00:00:00-04:00,2236.790771484375,2129.6420654296876,2340.9256602425976,1918.3584706167776,Mantener
2023-10-23 00:00:00-04:00,2193.358154296875,2136.6347534179686,2346.5612764887182,1926.7082303472187,Mantener
2023-10-24 00:00:00-04:00,2189.014892578125,2145.885949707031,2347.336505931215,1944.4353934828473,Mantener
2023-10-25 00:00:00-04:00,2208.125244140625,2154.2250549316404,2351.212774817189,1957.237335046092,Mantener
2023-10-26 00:00:00-04:00,2149.925048828125,2160.392510986328,2348.055820120222,1972.729201852434,Mantener
2023-10-27 00:00:00-04:00,2145.58203125,2164.952960205078,2346.087674931106,1983.81824547905,Mantener
2023-10-30 00:00:00-04:00,2080.4326171875,2168.1235595703124,2340.356656333003,1995.890462807622,Mantener
2023-10-31 00:00:00-04:00,2104.755126953125,2170.208349609375,2338.039891917873,2002.3768073008773,Mantener
2023-11-01 00:00:00-04:00,2154.2685546875,2177.5050720214845,2327.4392608285525,2027.5708832144164,Mantener
2023-11-02 00:00:00-04:00,2154.2685546875,2184.410888671875,2314.4575418189374,2054.3642355248126,Mantener
2023-11-03 00:00:00-04:00,2136.895263671875,2188.797607421875,2304.79482432713,2072.80039051662,Mantener
2023-11-06 00:00:00-05:00,2136.895263671875,2187.9289428710936,2305.267355218822,2070.590530523365,Mantener
2023-11-07 00:00:00-05:00,2032.65673828125,2181.718054199219,2317.653810209926,2045.7822981885113,Comprar
2023-11-08 00:00:00-05:00,2028.3133544921875,2174.2476135253905,2326.5450382391987,2021.9501888115824,Mantener
2023-11-09 00:00:00-05:00,2041.3431396484373,2165.9953735351564,2328.5036799186933,2003.4870671516196,Mantener
2023-11-10 00:00:00-05:00,2041.3431396484373,2155.7886657714844,2322.8561130561257,1988.721218486843,Mantener
2023-11-13 00:00:00-05:00,2041.3431396484373,2145.5819580078123,2314.51044945579,1976.653466559835,Mantener
2023-11-14 00:00:00-05:00,2058.71630859375,2135.3317993164064,2298.870186001669,1971.7934126311438,Mantener
2023-11-15 00:00:00-05:00,2080.4326171875,2124.473583984375,2270.554852915763,1978.3923150529872,Mantener
2023-11-16 00:00:00-05:00,2080.4326171875,2114.74462890625,2243.502726682717,1985.986531129783,Mantener
2023-11-17 00:00:00-05:00,2154.2685546875,2110.618518066406,2227.665481881454,1993.5715542513578,Mantener
2023-11-20 00:00:00-05:00,2171.6416015625,2109.5326904296876,2223.7156918742417,1995.3496889851335,Mantener
2023-11-21 00:00:00-05:00,2210.731201171875,2110.618505859375,2228.3420784707555,1992.8949332479947,Mantener
2023-11-22 00:00:00-05:00,2184.67138671875,2109.4458129882814,2223.489432378098,1995.402193598465,Mantener
2023-11-23 00:00:00-05:00,2171.6416015625,2110.531640625,2226.593707491984,1994.469573758016,Mantener
2023-11-24 00:00:00-05:00,2236.790771484375,2115.092077636719,2243.467597940868,1986.7165573325694,Mantener
2023-11-27 00:00:00-05:00,2189.014892578125,2120.52119140625,2251.8745527979318,1989.1678300145686,Mantener
2023-11-28 00:00:00-05:00,2206.387939453125,2125.60283203125,2262.149079882119,1989.0565841803802,Mantener
2023-11-29 00:00:00-05:00,2202.044677734375,2127.9916381835938,2268.2700634164844,1987.713212950703,Mantener
2023-11-30 00:00:00-05:00,2189.014892578125,2129.728955078125,2272.2208160599107,1987.2370940963397,Mantener
2023-12-01 00:00:00-05:00,2210.731201171875,2133.420751953125,2280.4482039038235,1986.3933000024267,Mantener
2023-12-04 00:00:00-05:00,2210.731201171875,2137.112548828125,2288.160353231891,1986.0647444243593,Mantener
2023-12-05 00:00:00-05:00,2184.67138671875,2144.71328125,2288.766444177489,2000.660118322511,Mantener
2023-12-06 00:00:00-05:00,2132.55224609375,2149.925225830078,2283.400554368782,2016.4498972913739,Mantener
2023-12-07 00:00:00-05:00,2141.23876953125,2154.9200073242187,2278.388161369097,2031.4518532793404,Mantener
2023-12-08 00:00:00-05:00,2141.23876953125,2159.9147888183593,2271.55268429293,2048.2768933437887,Mantener
2023-12-11 00:00:00-05:00,2180.328369140625,2166.864050292969,2263.7535447832947,2069.974555802643,Mantener
2023-12-12 00:00:00-05:00,2136.895263671875,2170.772998046875,2254.7373687655263,2086.8086273282233,Mantener
2023-12-13 00:00:00-05:00,2171.6416015625,2175.333447265625,2247.7518078047297,2102.9150867265207,Mantener
2023-12-14 00:00:00-05:00,2219.417724609375,2182.2827026367186,2241.899731174078,2122.665674099359,Mantener
2023-12-15 00:00:00-05:00,2083.178955078125,2178.72822265625,2252.236513161001,2105.2199321514995,Comprar
2023-12-18 00:00:00-05:00,2061.157958984375,2173.2040405273438,2263.616768565756,2082.7913124889315,Comprar
2023-12-19 00:00:00-05:00,2087.5830078125,2167.046630859375,2263.2843750575016,2070.8088866612484,Mantener
2023-12-20 00:00:00-05:00,2056.75390625,2160.6507568359375,2268.2844437773088,2053.0170698945662,Mantener
2023-12-21 00:00:00-05:00,2074.37060546875,2155.78720703125,2269.923952071579,2041.650461990921,Mantener
2023-12-22 00:00:00-05:00,2069.96630859375,2147.4459838867188,2261.03926832821,2033.852699445228,Mantener
2023-12-25 00:00:00-05:00,2069.96630859375,2141.4935546875,2258.345066787034,2024.6420425879658,Mantener
2023-12-26 00:00:00-05:00,2078.774658203125,2135.112890625,2250.9766325165588,2019.2491487334416,Mantener
2023-12-27 00:00:00-05:00,2043.541015625,2127.187707519531,2245.4339317828712,2008.941483256191,Mantener
2023-12-28 00:00:00-05:00,2061.157958984375,2120.7948608398438,2238.7915266986215,2002.7981949810662,Mantener
2023-12-29 00:00:00-05:00,2061.157958984375,2113.316198730469,2226.1595176728424,2000.4728797880953,Mantener
2024-01-01 00:00:00-05:00,2061.157958984375,2105.837536621094,2211.065970867233,2000.6091023749552,Mantener
2024-01-02 00:00:00-05:00,2074.37060546875,2100.3224975585936,2199.544672227581,2001.1003228896059,Mantener
2024-01-03 00:00:00-05:00,2131.624755859375,2100.276123046875,2199.435719462146,2001.1165266316038,Mantener
2024-01-04 00:00:00-05:00,2118.412353515625,2099.134802246094,2196.8237862731075,2001.4458182190801,Mantener
2024-01-05 00:00:00-05:00,2153.645751953125,2099.7551513671874,2198.7191602606554,2000.7911424737194,Mantener
2024-01-08 00:00:00-05:00,2153.645751953125,2098.4210205078125,2193.4528288374604,2003.3892121781648,Mantener
2024-01-09 00:00:00-05:00,2109.60400390625,2097.0564575195312,2190.5331789798147,2003.5797360592476,Mantener
2024-01-10 00:00:00-05:00,2065.562255859375,2091.752490234375,2179.2574525696155,2004.2475278991344,Mantener
2024-01-11 00:00:00-05:00,2074.37060546875,2084.500134277344,2148.2811693559515,2020.719099198736,Mantener
2024-01-12 00:00:00-05:00,2091.9873046875,2084.9405517578125,2148.804766141803,2021.0763373738218,Mantener
2024-01-15 00:00:00-05:00,2091.9873046875,2086.4820190429687,2149.4106377599032,2023.553400326034,Mantener
2024-01-16 00:00:00-05:00,2056.75390625,2084.940563964844,2149.2507978128087,2020.6303301168791,Mantener
2024-01-17 00:00:00-05:00,2039.1368408203125,2084.059710693359,2150.4446402998105,2017.674781086908,Mantener
2024-01-18 00:00:00-05:00,2025.92431640625,2081.6373962402345,2152.869482205718,2010.4053102747507,Mantener
2024-01-19 00:00:00-05:00,2008.3076171875,2078.5544616699217,2156.895820424912,2000.2131029149311,Mantener
2024-01-22 00:00:00-05:00,2008.3076171875,2075.4715270996094,2159.855702979834,1991.0873512193846,Mantener
2024-01-23 00:00:00-05:00,2021.5201416015625,2072.6088012695313,2160.3395025495943,1984.8780999894684,Mantener
2024-01-24 00:00:00-05:00,2021.5201416015625,2071.5077575683595,2161.3029394675195,1981.7125756691992,Mantener
2024-01-25 00:00:00-05:00,2021.5201416015625,2069.5258666992186,2161.99283420587,1977.058899192567,Mantener
2024-01-26 00:00:00-05:00,2021.5201416015625,2067.543975830078,2162.433535250985,1972.654416409171,Mantener
2024-01-29 00:00:00-05:00,2109.60400390625,2069.966278076172,2166.6263434173698,1973.3062127349742,Mantener
2024-01-30 00:00:00-05:00,2105.19970703125,2071.507733154297,2169.43845393166,1973.577012376934,Mantener
2024-01-31 00:00:00-05:00,2056.75390625,2067.764190673828,2161.6598333340244,1973.8685480136319,Mantener
2024-02-01 00:00:00-05:00,2065.562255859375,2065.121685791016,2155.9399729615234,1974.3033986205082,Mantener
2024-02-02 00:00:00-05:00,2043.541015625,2059.6164489746093,2140.6633859778362,1978.569511971382,Mantener
2024-02-05 00:00:00-05:00,2043.541015625,2054.111212158203,2122.184911506826,1986.0375128095802,Mantener
2024-02-06 00:00:00-05:00,2074.37060546875,2052.349542236328,2116.0603345838013,1988.638749888855,Mantener
2024-02-07 00:00:00-05:00,2083.178955078125,2053.2303771972656,2118.1852903579716,1988.2754640365597,Mantener
2024-02-08 00:00:00-05:00,2061.157958984375,2052.569744873047,2116.8849671571597,1988.2545225889344,Mantener
2024-02-09 00:00:00-05:00,2039.1368408203125,2049.9272216796876,2111.7166219730702,1988.137821386305,Mantener
2024-02-12 00:00:00-05:00,2034.732666015625,2047.0644897460938,2105.8828304278863,1988.2461490643013,Mantener
2024-02-13 00:00:00-05:00,2003.9034423828125,2044.4219665527344,2106.087310130908,1982.7566229745607,Mantener
2024-02-14 00:00:00-05:00,2003.9034423828125,2042.6602966308594,2106.919914746988,1978.400678514731,Mantener
2024-02-15 00:00:00-05:00,2021.5201416015625,2042.440087890625,2106.9708007005474,1977.9093750807024,Mantener
2024-02-16 00:00:00-05:00,2030.3284912109373,2043.5411315917968,2106.348155215187,1980.7341079684063,Mantener
2024-02-19 00:00:00-05:00,1999.499267578125,2043.1007141113282,2107.0609590425884,1979.140469180068,Mantener
2024-02-20 00:00:00-05:00,2008.3076171875,2042.440087890625,2107.6005317666118,1977.279644014638,Mantener
2024-02-21 00:00:00-05:00,2052.349365234375,2043.9815490722656,2108.513832208688,1979.4492659358427,Mantener
2024-02-22 00:00:00-05:00,2061.157958984375,2045.9634399414062,2110.0241518454604,1981.902728037352,Mantener
2024-02-23 00:00:00-05:00,2052.349365234375,2047.504901123047,2110.5649618880107,1984.4448403580834,Mantener
2024-02-26 00:00:00-05:00,2065.562255859375,2045.3028137207032,2101.9856788890243,1988.6199485523823,Mantener
2024-02-27 00:00:00-05:00,2078.774658203125,2043.9815612792968,2095.8098437473604,1992.1532788112331,Mantener
2024-02-28 00:00:00-05:00,2025.92431640625,2042.4400817871094,2094.502230312052,1990.377933262167,Mantener
2024-02-29 00:00:00-05:00,2017.115966796875,2040.0177673339845,2092.0583252781626,1987.9772093898061,Mantener
2024-03-01 00:00:00-05:00,1973.07421875,2036.4944274902343,2096.467738016144,1976.521116964325,Comprar
2024-03-04 00:00:00-05:00,1867.373779296875,2027.6860656738281,2124.02448766035,1931.3476436873061,Comprar
2024-03-05 00:00:00-05:00,1845.3529052734373,2016.2351806640625,2139.803754970968,1892.666606357157,Comprar
2024-03-06 00:00:00-05:00,1836.5445556640625,2003.9034606933594,2147.02246901089,1860.784452375829,Comprar
2024-03-07 00:00:00-05:00,1840.94873046875,1992.892999267578,2150.6042953856268,1835.1817031495295,Mantener
2024-03-08 00:00:00-05:00,1810.119384765625,1981.4421264648438,2157.235847029919,1805.6484058997685,Mantener
2024-03-11 00:00:00-04:00,1814.5235595703125,1970.4316711425781,2159.272248151178,1781.5910941339785,Mantener
2024-03-12 00:00:00-04:00,1827.7362060546875,1961.623309326172,2160.079730777429,1763.166887874915,Mantener
2024-03-13 00:00:00-04:00,1832.140380859375,1953.03515625,2158.5289696644904,1747.5413428355093,Mantener
2024-03-14 00:00:00-04:00,1867.373779296875,1945.3278381347657,2151.5679808159834,1739.087695453548,Mantener
2024-03-15 00:00:00-04:00,1946.649169921875,1941.1438720703125,2143.4816597872095,1738.8060843534151,Mantener
2024-03-18 00:00:00-04:00,1849.757080078125,1933.6567626953124,2137.9747882989413,1729.3387370916835,Mantener
2024-03-19 00:00:00-04:00,1867.373779296875,1926.6100708007812,2129.8057921165087,1723.414349485054,Mantener
2024-03-20 00:00:00-04:00,1871.7779541015625,1917.5815002441407,2113.156910196669,1722.0060902916125,Mantener
2024-03-21 00:00:00-04:00,1871.7779541015625,1908.1125,2092.433042116088,1723.791957883912,Mantener
2024-03-22 00:00:00-04:00,1862.9696044921875,1898.6435119628907,2070.8228362926516,1726.4641876331295,Mantener
2024-03-25 00:00:00-04:00,1862.9696044921875,1888.5138793945312,2042.1886831317536,1734.8390756573087,Mantener
2024-03-26 00:00:00-04:00,1880.8828125,1878.619287109375,2003.499651156652,1753.738923062098,Mantener
2024-03-27 00:00:00-04:00,1956.306640625,1875.1384033203126,1985.8024016431698,1764.4744049974554,Mantener
2024-03-28 00:00:00-04:00,1956.306640625,1872.0979370117188,1968.797948443429,1775.3979255800086,Mantener
2024-03-29 00:00:00-04:00,1956.306640625,1871.2595581054688,1964.5023952323386,1778.016720978599,Mantener
2024-04-01 00:00:00-04:00,2064.728515625,1881.127294921875,2008.2536476147027,1754.0009422290475,Vender
2024-04-02 00:00:00-04:00,2116.582275390625,1894.6887634277343,2058.361249409101,1731.0162774463674,Vender
2024-04-03 00:00:00-04:00,2159.00830078125,1910.8119506835938,2110.0373814500263,1711.5865199171612,Vender
2024-04-04 00:00:00-04:00,2187.292236328125,1928.1291259765626,2159.4156677212727,1696.8425842318525,Vender
2024-04-05 00:00:00-04:00,2159.00830078125,1945.5735717773437,2191.5460462386663,1699.6010973160207,Mantener
2024-04-08 00:00:00-04:00,2168.436279296875,1963.2692077636718,2220.222058838783,1706.3163566885605,Mantener
2024-04-09 00:00:00-04:00,2149.580322265625,1979.3614135742187,2240.8474911091894,1717.875336039248,Mantener
2024-04-10 00:00:00-04:00,2116.582275390625,1993.5835083007812,2252.281167400622,1734.8858492009404,Mantener
2024-04-11 00:00:00-04:00,2130.724365234375,2006.7510375976562,2265.2089408388906,1748.293134356422,Mantener
2024-04-12 00:00:00-04:00,2111.868408203125,2015.0119995117188,2275.9313756747865,1754.0926233486512,Mantener
2024-04-15 00:00:00-04:00,2111.868408203125,2028.1175659179687,2280.271124880636,1775.9640069553013,Mantener
2024-04-16 00:00:00-04:00,2111.868408203125,2040.3422973632812,2283.219129753388,1797.4654649731744,Mantener
2024-04-17 00:00:00-04:00,2102.4404296875,2051.875421142578,2282.6546371036015,1821.0962051815545,Mantener
2024-04-18 00:00:00-04:00,2097.726318359375,2063.1728393554686,2278.4303570766165,1847.9153216343207,Mantener
2024-04-19 00:00:00-04:00,2111.868408203125,2075.617779541016,2269.897793083446,1881.3377659985858,Mantener
2024-04-22 00:00:00-04:00,2130.724365234375,2089.005517578125,2256.6645049586186,1921.346530197631,Mantener
2024-04-23 00:00:00-04:00,2144.8662109375,2102.2046875,2239.7327066133685,1964.6766683866315,Mantener
2024-04-24 00:00:00-04:00,2168.436279296875,2112.811169433594,2234.804892900939,1990.8174459662487,Mantener
2024-04-25 00:00:00-04:00,2173.150146484375,2123.6533447265624,2223.6404965307024,2023.6661929224224,Mantener
2024-04-26 00:00:00-04:00,2168.436279296875,2134.2598266601562,2197.9009879069054,2070.618665413407,Mantener
2024-04-29 00:00:00-04:00,2177.8642578125,2139.916613769531,2197.3442727333386,2082.4889548057236,Mantener
2024-04-30 00:00:00-04:00,2149.580322265625,2141.566516113281,2198.059922204964,2085.073110021598,Mantener
2024-05-02 00:00:00-04:00,2126.01025390625,2139.916613769531,2196.1922256001235,2083.6410019389386,Mantener
2024-05-03 00:00:00-04:00,1998.7325439453125,2130.488629150391,2211.213946893634,2049.7633114071477,Comprar
2024-05-06 00:00:00-04:00,2121.29638671875,2128.6030334472657,2208.278370211607,2048.9276966829243,Mantener
2024-05-07 00:00:00-04:00,2140.15234375,2127.188836669922,2204.8662487676893,2049.5114245721543,Mantener
2024-05-08 00:00:00-04:00,2149.580322265625,2127.188836669922,2204.8662487676893,2049.5114245721543,Mantener
2024-05-09 00:00:00-04:00,2149.580322265625,2128.838739013672,2206.9680415476437,2050.7094364797,Mantener
2024-05-10 00:00:00-04:00,2135.438232421875,2129.074432373047,2207.2561091783487,2050.892755567745,Mantener
2024-05-14 00:00:00-04:00,2187.292236328125,2132.845623779297,2214.72179090552,2050.9694566530743,Mantener
2024-05-15 00:00:00-04:00,2154.294189453125,2134.966912841797,2216.753035819884,2053.1807898637094,Mantener
2024-05-16 00:00:00-04:00,2168.436279296875,2137.795306396484,2220.128734350135,2055.4618784428335,Mantener
2024-05-17 00:00:00-04:00,2187.292236328125,2142.0378967285155,2225.4383331332633,2058.6374603237678,Mantener
2024-05-20 00:00:00-04:00,2206.148193359375,2147.4589904785157,2232.8042395023826,2062.113741454649,Mantener
2024-05-21 00:00:00-04:00,2206.148193359375,2152.172979736328,2239.629921160608,2064.7160383120486,Mantener
2024-05-22 00:00:00-04:00,2140.15234375,2152.6443786621094,2239.7153263241585,2065.5734310000603,Mantener
2024-05-23 00:00:00-04:00,2140.15234375,2152.4086853027343,2239.593730094705,2065.2236405107637,Mantener
2024-05-24 00:00:00-04:00,2173.150146484375,2152.6443786621094,2240.0370985607133,2065.2516587635055,Mantener
2024-05-27 00:00:00-04:00,2168.436279296875,2152.4086853027343,2239.593730094705,2065.2236405107637,Mantener
2024-05-28 00:00:00-04:00,2243.860107421875,2156.1798767089845,2252.3462821725466,2060.0134712454224,Mantener
2024-05-29 00:00:00-04:00,2239.146240234375,2159.243975830078,2261.9989980797523,2056.4889535804036,Mantener
2024-05-30 00:00:00-04:00,2215.576171875,2162.543768310547,2268.190131578733,2056.897405042361,Mantener
2024-05-31 00:00:00-04:00,2225.004150390625,2167.4934631347655,2275.1890320401626,2059.7978942293685,Mantener
2024-06-04 00:00:00-04:00,2234.43212890625,2179.2784423828125,2256.4861817424617,2102.0707030231633,Mantener
2024-06-05 00:00:00-04:00,2215.576171875,2183.992431640625,2257.7289309561043,2110.2559323251457,Mantener
2024-06-06 00:00:00-04:00,2229.71826171875,2188.4707275390624,2261.874992968947,2115.066462109178,Mantener
2024-06-07 00:00:00-04:00,2225.004150390625,2192.2419189453126,2264.9803458289384,2119.5034920616868,Mantener
2024-06-11 00:00:00-04:00,2225.004150390625,2196.0131103515623,2267.243778387046,2124.7824423160787,Mantener
2024-06-12 00:00:00-04:00,2248.57421875,2201.6699096679686,2270.577101312298,2132.762718023639,Mantener
2024-06-13 00:00:00-04:00,2267.43017578125,2205.676806640625,2280.158235874039,2131.195377407211,Mantener
2024-06-14 00:00:00-04:00,2262.716064453125,2211.097900390625,2285.615413855843,2136.580386925407,Mantener
2024-06-17 00:00:00-04:00,2291.0,2217.2260864257814,2296.948397161491,2137.503775690072,Mantener
2024-06-18 00:00:00-04:00,2305.14208984375,2223.1185791015623,2310.571521412609,2135.6656367905157,Mantener
2024-06-19 00:00:00-04:00,2291.0,2227.3611694335937,2319.4572098891103,2135.265128978077,Mantener
2024-06-20 00:00:00-04:00,2330.0,2233.553759765625,2335.746311617747,2131.3612079135028,Mantener
2024-06-21 00:00:00-04:00,2295.0,2241.296142578125,2336.9475766055534,2145.6447085506966,Mantener
2024-06-24 00:00:00-04:00,2400.0,2254.288525390625,2361.9326672322645,2146.644383548986,Vender
2024-06-25 00:00:00-04:00,2300.0,2260.6310180664063,2362.962830435974,2158.2992056968387,Mantener
2024-06-26 00:00:00-04:00,2315.0,2267.9592041015626,2363.240636861668,2172.677771341457,Mantener
2024-06-27 00:00:00-04:00,2325.0,2272.0161987304687,2369.852604735013,2174.1797927259245,Mantener
2024-06-28 00:00:00-04:00,2320.0,2276.05888671875,2374.853693319721,2177.2640801177786,Mantener
2024-07-02 00:00:00-04:00,2295.0,2280.030078125,2374.8952626405417,2185.164893609458,Mantener
2024-07-03 00:00:00-04:00,2290.0,2283.2798706054687,2374.5948131232703,2191.964928087667,Mantener
2024-07-04 00:00:00-04:00,2280.0,2285.5582641601563,2373.969174527199,2197.147353793114,Mantener
2024-07-05 00:00:00-04:00,2295.0,2289.5294555664063,2371.613583146813,2207.4453279859995,Mantener
2024-07-08 00:00:00-04:00,2260.0,2291.0435424804687,2369.5202633410936,2212.5668216198437,Mantener
2024-07-09 00:00:00-04:00,2240.0,2291.7933349609375,2367.863009120476,2215.723660801399,Mantener
2024-07-10 00:00:00-04:00,2210.0,2291.0431274414063,2370.122602513573,2211.9636523692398,Comprar
2024-07-11 00:00:00-04:00,2240.0,2290.6144165039063,2370.749227700548,2210.4796053072646,Mantener
2024-07-12 00:00:00-04:00,2190.0,2286.7429077148436,2378.2662990541608,2195.2195163755264,Comprar
2024-07-15 00:00:00-04:00,2220.0,2284.6071044921873,2380.3860346503793,2188.8281743339953,Mantener
2024-07-16 00:00:00-04:00,2180.0,2279.0571044921876,2385.5419377516887,2172.5722712326865,Mantener
2024-07-17 00:00:00-04:00,2185.0,2273.05,2386.655920898336,2159.4440791016646,Mantener
2024-07-18 00:00:00-04:00,2180.0,2267.5,2388.046998914819,2146.953001085181,Mantener
2024-07-19 00:00:00-04:00,2180.0,2260.0,2382.817794013395,2137.182205986605,Mantener
2024-07-22 00:00:00-04:00,2165.0,2253.5,2382.1406664030956,2124.8593335969044,Mantener
2024-07-23 00:00:00-04:00,2120.0,2239.5,2361.7981688549103,2117.2018311450897,Mantener
2024-07-24 00:00:00-04:00,2135.0,2231.25,2358.524051599402,2103.975948400598,Mantener
2024-07-25 00:00:00-04:00,2140.0,2222.5,2349.5930036585346,2095.4069963414654,Mantener
2024-07-26 00:00:00-04:00,2145.0,2213.5,2335.418868623018,2091.581131376982,Mantener
2024-07-29 00:00:00-04:00,2130.0,2204.0,2320.465490709981,2087.534509290019,Mantener
2024-07-30 00:00:00-04:00,2130.0,2195.75,2308.3870510230045,2083.1129489769955,Mantener
2024-07-31 00:00:00-04:00,2175.0,2190.0,2293.77100294703,2086.22899705297,Mantener
2024-08-01 00:00:00-04:00,2120.0,2182.0,2281.122465455091,2082.877534544909,Mantener
2024-08-02 00:00:00-04:00,2060.0,2170.25,2268.6837875239835,2071.8162124760165,Comprar
2024-08-05 00:00:00-04:00,2040.0,2159.25,2264.3952629260607,2054.1047370739393,Comprar
2024-08-06 00:00:00-04:00,2060.0,2150.25,2257.0934664160163,2043.4065335839834,Mantener
2024-08-07 00:00:00-04:00,2085.0,2144.0,2250.751063103302,2037.248936896698,Mantener
2024-08-08 00:00:00-04:00,2085.0,2136.25,2235.9271102901284,2036.5728897098716,Mantener
2024-08-09 00:00:00-04:00,2135.0,2133.5,2229.9146745764624,2037.0853254235376,Mantener
2024-08-12 00:00:00-04:00,2155.0,2130.25,2218.417006599025,2042.0829934009748,Mantener
2024-08-13 00:00:00-04:00,2110.0,2126.75,2212.114543360571,2041.3854566394289,Mantener
2024-08-14 00:00:00-04:00,2040.0,2119.5,2208.58304818362,2030.41695181638,Mantener
2024-08-15 00:00:00-04:00,2085.0,2114.75,2200.3116121498724,2029.1883878501278,Mantener
2024-08-16 00:00:00-04:00,2085.0,2110.0,2190.720440247097,2029.279559752903,Mantener
2024-08-20 00:00:00-04:00,2035.0,2103.5,2186.47748584945,2020.52251415055,Mantener
2024-08-21 00:00:00-04:00,2040.0,2099.5,2186.7322972540073,2012.267702745993,Mantener
2024-08-22 00:00:00-04:00,2035.0,2094.5,2184.5818341404424,2004.4181658595573,Mantener
2024-08-23 00:00:00-04:00,2055.0,2090.25,2179.3079350169014,2001.1920649830986,Mantener
2024-08-26 00:00:00-04:00,2075.0,2086.75,2172.1761761929465,2001.3238238070537,Mantener
2024-08-27 00:00:00-04:00,2060.0,2083.25,2166.933300226766,1999.566699773234,Mantener
2024-08-28 00:00:00-04:00,2055.0,2079.5,2161.0572127243777,1997.9427872756225,Mantener
2024-08-29 00:00:00-04:00,2045.0,2073.0,2142.312412498172,2003.6875875018281,Mantener
2024-08-30 00:00:00-04:00,2055.0,2069.75,2135.8022122024922,2003.697787797508,Mantener
2024-09-02 00:00:00-04:00,2055.0,2069.5,2135.7451587109013,2003.2548412890985,Mantener
2024-09-03 00:00:00-04:00,1995.0,2067.25,2140.4098825932188,1994.090117406781,Mantener
2024-09-04 00:00:00-04:00,1920.0,2060.25,2158.737242027108,1961.7627579728917,Comprar
2024-09-05 00:00:00-04:00,1925.0,2052.25,2166.9337757533885,1937.5662242466112,Comprar
2024-09-06 00:00:00-04:00,1930.0,2044.5,2170.2775814682445,1918.7224185317552,Mantener
2024-09-09 00:00:00-04:00,1915.0,2033.5,2164.3313498564626,1902.6686501435374,Mantener
2024-09-10 00:00:00-04:00,1885.0,2020.0,2153.7318605505684,1886.2681394494314,Comprar
2024-09-11 00:00:00-04:00,1905.0,2009.75,2145.8411072542403,1873.6588927457597,Mantener
2024-09-12 00:00:00-04:00,1930.0,2004.25,2144.034608745406,1864.4653912545941,Mantener
2024-09-13 00:00:00-04:00,1910.0,1995.5,2135.909176488242,1855.0908235117583,Mantener
2024-09-16 00:00:00-04:00,1960.0,1989.25,2123.8947567724667,1854.6052432275333,Mantener
2024-09-17 00:00:00-04:00,1955.0,1985.25,2118.921829099245,1851.578170900755,Mantener
2024-09-18 00:00:00-04:00,1905.0,1978.5,2114.1504796584954,1842.8495203415046,Mantener
2024-09-19 00:00:00-04:00,1905.0,1972.0,2108.7055999315044,1835.2944000684956,Mantener
2024-09-20 00:00:00-04:00,1890.0,1963.75,2099.275293813217,1828.224706186783,Mantener
2024-09-23 00:00:00-04:00,1920.0,1956.0,2082.1411072861238,1829.8588927138762,Mantener
2024-09-24 00:00:00-04:00,1940.0,1950.0,2066.3479355436275,1833.6520644563725,Mantener
2024-09-25 00:00:00-04:00,1840.0,1939.25,2054.4740380622434,1824.0259619377564,Mantener
2024-09-26 00:00:00-04:00,1900.0,1932.0,2037.0012531253587,1826.9987468746413,Mantener
2024-09-27 00:00:00-04:00,1885.0,1923.5,2012.9486032958587,1834.0513967041413,Mantener
2024-09-30 00:00:00-04:00,1880.0,1914.75,1981.3576493157457,1848.1423506842543,Mantener
2024-10-01 00:00:00-04:00,1895.0,1909.75,1965.0458549888535,1854.4541450111465,Mantener
2024-10-02 00:00:00-04:00,1875.0,1907.5,1964.6701062849504,1850.3298937150496,Mantener
2024-10-03 00:00:00-04:00,1905.0,1906.5,1963.0778457665178,1849.9221542334822,Mantener
2024-10-04 00:00:00-04:00,1890.0,1904.5,1960.4040531437183,1848.5959468562817,Mantener
2024-10-07 00:00:00-04:00,1910.0,1904.25,1960.0008555516217,1848.4991444483783,Mantener
2024-10-08 00:00:00-04:00,1825.0,1901.25,1966.9346533385956,1835.5653466614044,Comprar
2024-10-09 00:00:00-04:00,1840.0,1898.0,1969.1114766072544,1826.8885233927456,Mantener
2024-10-10 00:00:00-04:00,1845.0,1893.75,1966.9386531326363,1820.5613468673637,Mantener
2024-10-11 00:00:00-04:00,1845.0,1890.5,1966.3738565334866,1814.6261434665134,Mantener
2024-10-15 00:00:00-04:00,1780.0,1881.5,1964.983373699267,1798.016626300733,Comprar
2024-10-16 00:00:00-04:00,1760.0,1871.75,1964.1606965784058,1779.3393034215942,Comprar
2024-10-17 00:00:00-04:00,1740.0,1863.5,1971.5496961685049,1755.4503038314951,Comprar
2024-10-18 00:00:00-04:00,1760.0,1856.25,1971.7751168862421,1740.7248831137579,Mantener
2024-10-21 00:00:00-04:00,1725.0,1848.0,1976.2431900315748,1719.7568099684252,Mantener
2024-10-22 00:00:00-04:00,1735.0,1838.75,1971.7270459020767,1705.7729540979233,Mantener
2024-10-23 00:00:00-04:00,1720.0,1827.75,1961.8542406802335,1693.6457593197665,Mantener
2024-10-24 00:00:00-04:00,1730.0,1822.25,1963.0923904489318,1681.4076095510682,Mantener
2024-10-25 00:00:00-04:00,1735.0,1814.0,1954.9964538561198,1673.0035461438802,Mantener
2024-10-28 00:00:00-04:00,1760.0,1807.75,1946.559790341812,1668.940209658188,Mantener
2024-10-29 00:00:00-04:00,1735.0,1800.5,1938.565583195664,1662.434416804336,Mantener
2024-10-30 00:00:00-04:00,1720.0,1791.75,1926.7461013082304,1656.7538986917696,Mantener
2024-10-31 00:00:00-04:00,1700.0,1783.0,1917.961982951149,1648.038017048851,Mantener
2024-11-01 00:00:00-04:00,1680.0,1771.75,1901.2947494314767,1642.2052505685233,Mantener
2024-11-05 00:00:00-05:00,1660.0,1760.25,1886.3858916323807,1634.1141083676193,Mantener
2024-11-06 00:00:00-05:00,1700.0,1749.75,1856.937734962153,1642.562265037847,Mantener
2024-11-07 00:00:00-05:00,1660.0,1741.5,1849.695729072245,1633.304270927755,Mantener
2024-11-08 00:00:00-05:00,1590.0,1729.0,1846.6345813816797,1611.3654186183203,Comprar
2024-11-12 00:00:00-05:00,1650.0,1719.25,1828.4227264958024,1610.0772735041976,Mantener
2024-11-13 00:00:00-05:00,1660.0,1710.0,1804.7017478858363,1615.2982521141637,Mantener
2024-11-14 00:00:00-05:00,1725.0,1707.25,1796.4260529573583,1618.0739470426417,Mantener
2024-11-15 00:00:00-05:00,1745.0,1706.5,1794.045476903817,1618.954523096183,Mantener
2024-11-18 00:00:00-05:00,1785.0,1708.75,1802.0449482470622,1615.4550517529378,Mantener
2024-11-19 00:00:00-05:00,1780.0,1709.75,1805.7475328630399,1613.7524671369601,Mantener
2024-11-20 00:00:00-05:00,1755.0,1711.25,1809.169139573108,1613.330860426892,Mantener
2024-11-21 00:00:00-05:00,1800.0,1714.5,1819.7765780918899,1609.2234219081101,Mantener
2024-11-22 00:00:00-05:00,1830.0,1720.0,1837.2940524359315,1602.7059475640685,Mantener
2024-11-25 00:00:00-05:00,1815.0,1724.25,1848.9928934796894,1599.5071065203106,Mantener
2024-11-26 00:00:00-05:00,1760.0,1725.5,1851.1938636864265,1599.8061363135735,Mantener
2024-11-27 00:00:00-05:00,1770.0,1726.0,1852.349556890069,1599.650443109931,Mantener
2024-11-28 00:00:00-05:00,1780.0,1728.25,1856.8569082207725,1599.6430917792275,Mantener
2024-11-29 00:00:00-05:00,1800.0,1732.25,1864.6956194264806,1599.8043805735194,Mantener
2024-12-02 00:00:00-05:00,1775.0,1736.0,1868.8473599761492,1603.1526400238508,Mantener
2024-12-03 00:00:00-05:00,1780.0,1741.0,1872.4934459043127,1609.5065540956873,Mantener
2024-12-04 00:00:00-05:00,1755.0,1745.75,1871.6687290111777,1619.8312709888223,Mantener
2024-12-05 00:00:00-05:00,1770.0,1749.25,1873.6971986955064,1624.8028013044936,Mantener
2024-12-06 00:00:00-05:00,1730.0,1752.75,1870.3789885503118,1635.1210114496882,Mantener
2024-12-09 00:00:00-05:00,1790.0,1762.75,1852.9238087776857,1672.5761912223143,Mantener
2024-12-10 00:00:00-05:00,1830.0,1771.75,1849.6348677958683,1693.8651322041317,Mantener
2024-12-11 00:00:00-05:00,1810.0,1779.25,1838.4797044964585,1720.0202955035415,Mantener
2024-12-12 00:00:00-05:00,1815.0,1783.75,1839.1789493049757,1728.3210506950243,Mantener
2024-12-13 00:00:00-05:00,1780.0,1785.5,1837.905303066337,1733.094696933663,Mantener
2024-12-16 00:00:00-05:00,1730.0,1782.75,1840.7404710865765,1724.7595289134235,Mantener
2024-12-17 00:00:00-05:00,1740.0,1780.75,1841.8172623122794,1719.6827376877206,Mantener
2024-12-18 00:00:00-05:00,1685.0,1777.25,1851.1969938181248,1703.3030061818752,Comprar
2024-12-19 00:00:00-05:00,1680.0,1771.25,1856.0950600243011,1686.4049399756989,Comprar
2024-12-20 00:00:00-05:00,1650.0,1762.25,1858.302343186306,1666.197656813694,Comprar
2024-12-23 00:00:00-05:00,1685.0,1755.75,1854.3333870919805,1657.1666129080195,Mantener
2024-12-24 00:00:00-05:00,1660.0,1750.75,1858.1731671573045,1643.3268328426955,Mantener
2024-12-25 00:00:00-05:00,1660.0,1745.25,1859.5660439078338,1630.9339560921662,Mantener
2024-12-26 00:00:00-05:00,1660.0,1739.25,1858.3817271806868,1620.1182728193132,Mantener
2024-12-27 00:00:00-05:00,1660.0,1732.25,1852.795907394132,1611.704092605868,Mantener
2024-12-30 00:00:00-05:00,1675.0,1727.25,1848.622631962377,1605.877368037623,Mantener
2024-12-31 00:00:00-05:00,1675.0,1722.0,1842.8478817618113,1601.1521182381887,Mantener
